{
    "aviones": [
        {
            "nombre": "Boeing 747",
            "capacidad": 200
        }
    ],
    "vuelos": [
        {
            "fecha": "2024-11-02",
            "ruta": "4558",
            "tiquetes": [],
            "avion": "Boeing 747"
        }
    ],
    "aeropuertos": [
        {
            "codigo": "4558",
            "latitud": 1,
            "longitud": 1,
            "ciudad": "CIUDAD1",
            "nombre": "AEROPUERTO0"
        },
        {
            "codigo": "1212",
            "latitud": 1,
            "longitud": 1,
            "ciudad": "CIUDAD2",
            "nombre": "AEROPUERTO1"
        }
    ],
    "rutas": [{
        "codigoRuta": "4558",
        "horaLlegada": "11:00",
        "origen": "AEROPUERTO0",
        "destino": "AEROPUERTO1",
        "horaSalida": "12:00"
    }]
}